OID,STREET_COD,STREET_NAM,NEIGH
1,326,580,צומת הקריות חוף שמן
2,221,665,אזור תעשייה
3,299,666,אזור תעשייה
4,1502,"(החיד""א) ר' חיים יוסף",קריית שמואל
467,426,א ל זיסו,אל עתיקה
5,385,א סלט,ואדי ניסנאס
6,602,אבא חושי,ציר רכס כרמל - אוניברסיטה
7,543,אבדימי,בת גלים
8,655,אביגיל,כרמל
9,134,אביר מרק,קריית חיים מערבית
10,805,אבן אל מוקפע,הדר
11,306,אבן גבירול,עיר תחתית מזרח
12,863,אבן סינא,הדר
13,849,אבן עזרא,הדר
14,522,אבנר,קריית אליעזר
15,111,אברבנאל,קריית חיים מערבית
16,1246,אברהם גינזבורג,0
17,682,אבשלום,כרמליה
18,1219,אגוז,רמת אלמוגי
19,709,אגמון,כרמל מערבי
20,1045,"אד""ם הכהן",זיו
21,271,אדיסון,מפרץ חיפה
22,778,אדמונד פלג,רמת שאול
23,967,אהבת ישראל,רמת ויז'ניץ
24,911,אהבת ציון,הדר
25,777,אהבת שלום,רמת ויז'ניץ
26,629,אהוד,אחוזה
27,1186,אהרון (רוזנפלד),בת גלים
28,220,אהרונוביץ יוסף,קריית חיים מזרחית
29,485,אהרונסון,רמת גולדה
30,617,אהרן,אחוזה
31,756,אודם,מפרץ חיפה
32,429,אוחנה ניסים הרב,ואדי סאליב
33,656,אוליפנט,כרמל מרכזי
34,198,אופיר,א.ת. חוף שמן
35,761,אופקים,אחוזה
36,1505,אור החיים,קריית שמואל
37,1066,אורבך אליהו,סביוני הכרמל
38,1247,אורי וינברג,נאות פרס ב'
39,1388,אורלנד יעקב,סביוני הכרמל
40,763,אורן,רמת בן גוריון
41,903,אושה,הדר
42,1049,"אז""ר",נוה שאנן
44,215,"אח""י אילת",קריית חיים מזרחית
45,846,אחד העם,הדר
46,502,אחוה,קריית אליהו
47,504,אחז,קריית אליהו
48,407,אטוגראי,ואדי ניסנאס
49,604,אידר,רמת בגין
50,971,איטליה,הוד הכרמל
51,624,אילון,אחוזה
52,653,אילות,כרמל מרכזי
53,698,אילנות,כרמל מערבי
54,1023,אילת,נוה שאנן
55,883,אימבר נפתלי,הדר
56,1041,אינטרנשיונל,רמות רמז
57,608,אינשטיין אלברט,אחוזה
58,342,אירביד,ואדי סאליב
59,719,איריס,כרמל
60,412,אירן,המושבה הגרמנית
62,693,איתנים,כרמל
63,501,אל אדריסי,קריית אליהו
64,408,אל אספהני,ואדי ניסנאס
65,340,אל בוכתורי,"קריית הממשלה ע""ש רבין"
66,804,אל גזאלי,הדר
67,322,אל הילאל,ואדי סאליב
68,1009,אל זמכשרי,חליסה
69,397,אל חרירי,ואדי ניסנאס
70,1003,אל כנסא,חליסה
71,696,אל מוהדי,כבאביר
72,803,אל מותנבי,הדר
73,434,אל עריש,ואדי ניסנאס
74,390,אל עתיקה,חיפה אל עתיקה
75,405,אל פראבי,ואדי ניסנאס
76,1169,אלבז נתן,עיר תחתית מזרח
77,118,אלונים,קריית חיים מערבית
78,658,אלחנן יצחק,כרמל מרכזי
79,187,אלי כהן,קריית חיים מזרחית
80,1390,אליאב אריה (לובה),נוה שאנן
81,959,אליהו הנביא,עיר תחתית
82,639,אליוט גורג,כרמל מרכזי
83,549,אלישע,בת גלים
84,679,אלכסנדר ינאי,כרמליה
85,574,אלמוג,רמת הנשיא
86,512,אלנבי,ציר עיר תחתית - ק. אליעזר
88,921,אלפסי,הדר
89,333,אלקלעי הרב,ואדי סאליב
90,1397,אלתר אליעזר,רמת אלון
91,800,אלתרמן נתן,רמת בגין
92,869,אמיר,הדר
93,1222,אמנון ותמר,רמת אלמוגי - רמות רמז
94,785,אמציה המלך,נוה דוד
95,480,"אנגל יונה ד""ר",רמת גולדה
96,995,אנדה עמיר,רמת גולדה
97,132,אנה פרנק,קריית חיים מערבית
98,784,אנטוורפן,הוד הכרמל
100,302,אני מאמין,עיר תחתית מזרח
99,320,אני מאמין,0
101,414,אנילביץ מרדכי,המושבה הגרמנית
102,497,אנצ'ו סירני,רמת אשכול
103,988,אנקואה רפאל הרב,שער העליה
104,579,אסא המלך,נוה דוד
105,454,אסף דוד הרב,רמת בגין
106,1503,אספיס אברהם,קריית שמואל
107,600,אסתר המלכה,נוה דוד
886,1197,אפרים קציר,"מרכז הקונגרסים, נאות פרס"
108,592,"אצ""ל",נוה דוד
109,648,ארגמן,כרמל מרכזי
110,1179,ארזי יהודה,עיר תחתית
242,1242,אריאל שרון,מעונות גאולה
111,823,ארלוזורוב,הדר
112,1235,ארליך דוד פרופ',בת גלים
113,438,ארמן נחום,מפרץ חיפה
114,116,ארן זלמן,קריית חיים מערבית
115,948,ארנון,"יל""ג"
116,705,אשכולות,כרמל מערבי
117,401,אשקלון,ואדי ניסנאס
118,1024,אשר,נוה שאנן
119,295,בהרב יקותיאל,מפרץ חיפה
120,1167,בובר מרטין,רמת בן גוריון
121,787,"בודנהיימר מכס ד""ר",קריית שפרינצק
122,300,בונה אליעזר,מפרץ חיפה
123,126,בוסל יוסף,קריית חיים מערבית
124,673,בועז,כרמליה
125,1037,בורוכוב,רמות רמז
126,1096,בורלא יהודה,רמות רמז
127,864,ביאליק,הדר
128,418,ביילהרץ פרידריך,המושבה הגרמנית
129,594,בייליס מנחם מנדל,כרמליה
130,643,ביכורים,כרמל מרכזי
131,311,"ביל""ו",עיר תחתית מזרח - הדר
132,179,בילינסון,קריית חיים מזרחית
133,795,"בירם ד""ר",ציר דניה - רמת אלון
134,727,בית אל,רמת התשבי
135,239,בית אלפא,קריית חיים מערבית
136,741,בית לחם,כרמל צרפתי
137,332,בית שאן,ואדי סאליב
138,809,בית שערים,הדר
139,934,ביתר,גאולה
140,281,בל אלכסנדר גרהם,מפרץ חיפה
141,958,בלום לאון,רמת הדר
142,1218,בליטנטל משה,רמת אלמוגי
143,825,בלפור,הדר
144,1058,בן ארצי,זיו
145,936,בן בבא,גאולה
146,399,בן גוריון,המושבה הגרמנית
147,966,בן הרוש דוד,ואדי סאליב
148,920,בן זכאי,הדר
149,838,בן יהודה,הדר
150,266,בן יוסף שלמה,מפרץ חיפה
151,468,בן יעקב צבי,רמת בגין
152,313,בן עדיה שמואל,עיר תחתית מזרח
153,185,בן צבי יצחק,קריית חיים מזרחית
154,980,בן צור שמואל,שער העליה
155,1054,בן ציון שמחה,זיו
156,1089,בן שבת שמואל,נוה יוסף
157,842,בן שמן,הדר
158,952,בני אור,כרמל מרכזי
159,470,בני ברית,רמת בגין
160,534,בנימין,בת גלים
161,1094,בנין זאב,נוה פז
162,252,בעל התניא,קריית שמואל
163,913,בעל שם טוב,הדר
164,197,בעלי מלאכה,מפרץ חיפה
165,933,בצלאל,גאולה
166,411,בצרה,ואדי ניסנאס
167,155,בר אילן,קריית שמואל
168,822,בר גיורא,הדר
169,191,בר יהודה ישראל,ציר עיר תחתית - מפרץ חיפה
170,935,בר כוכבא,גאולה
171,569,בר רב האי דוד,קריית שפרינצק
172,265,ברודסקי זאב,קריית חיים מזרחית
173,858,ברוולד,הדר
174,446,ברון הירש,קריית אליעזר
175,888,ברוריה,הדר
176,943,ברזילי,"יל""ג"
177,1180,ברכת משה,"גאולה, רמת ויז'ניץ"
178,1051,ברל כצנלסון,נוה שאנן
179,717,ברנדייס,כרמל
181,770,ברנר,רמות רמז
182,491,ברנשטיין פרץ,רמת אשכול
183,953,ברק,הדר
184,270,ברקת,מפרץ חיפה
185,1079,בשור,נוה יוסף
186,546,בת גלים,בת גלים
187,1410,בת חן,רמת חן
188,388,ג'למה,ואדי ניסנאס
189,919,גאולה,גאולה
190,495,גאולי תימן,רמת אשכול
191,630,גבעון,אחוזה
192,605,גבעת דאונס,אחוזה
193,1077,גדליהו,נוה שאנן
194,514,"גדנ""ע",קריית אליעזר
195,839,גדעון,הדר
196,814,גדרה,כרמל מרכזי
197,1401,גוטל לוין,רמת ספיר
944,419,גוטליב שומכר,מושבה גרמנית
198,782,גולדברג לאה,הוד הכרמל
640,483,גולדה מאיר,רמת גולדה
199,1466,גולדמן נחום,רמת אלמוגי
200,816,גולומב אליהו,הדר
201,1084,גולן שמחה,ציר רוממה - יזרעאליה
202,993,גור יהודה,הוד הכרמל
203,1036,גורדון,רמות רמז
204,217,גורדוניה,קריית חיים מזרחית
205,1506,גורן שלמה הרב,קריית שמואל
206,884,גוש חלב,הדר
207,1004,גוש עציון,חליסה
208,250,גזאל,א.ת. חוף שמן
209,496,גיבורי גיטו ורשה,רמת אשכול
210,697,גלאל אל דין,כבאביר
211,1033,גלבוע,"נוה שאנן, זיו"
212,675,גלגל,כרמליה
213,1387,גלוברמן יהושע,סביוני הכרמל
214,1056,גנסין,זיו
215,1504,גץ יצחק,קריית שמואל
216,762,גרינבוים יצחק,הוד הכרמל
217,469,גרינברג אורי צבי,רמת בגין
218,474,גרינשפון הרצל,מפרץ חיפה
219,613,גת,אחוזה
220,622,ד'ישראלי,אחוזה
221,500,דאהר אל עמר,חיפה אל עתיקה
222,889,דבורה,הדר
223,110,דגניה,קריית חיים מערבית
224,1092,דובנוב,רמות רמז
225,1140,דובר שלום,הדר
226,373,דוברין נחום,עיר תחתית
227,507,דוגית,0
228,559,דוד המלך,נוה דוד
695,744,דוד מרכוס,כרמל צרפתי
229,1413,דוכיפת,רמת חן
230,1002,דולצ'ין אריה,נוה יוסף
231,926,דוניה טוביה,הדר
232,1160,דוסטרובסקי אליעזר,אחוזה
233,1039,דורות,רמות רמז
234,1099,"דורי יעקב רא""ל",ציר נוה שאנן - נוה פז
235,288,דיין משה,הקישון
236,862,דניאל,הדר
237,768,דניה,הוד הכרמל
238,168,דנינו אברהם,קריית חיים מזרחית
239,723,דפנה,כרמל
240,510,דרור,קריית אליעזר
241,732,דרייפוס,קריית שפרינצק
243,690,הים,כרמל מערבי
244,152,האבות,קריית שמואל
245,751,האג,הוד הכרמל
246,364,האיטלקים,עיר תחתית
247,242,האיצטדיון,מפרץ חיפה
248,985,האלה,שער העליה
249,595,האלון,כרמל מערבי
250,151,האמהות,קריית שמואל
251,138,האמונה,קריית שמואל
252,147,האמוראים,קריית שמואל
253,917,האסיף,כרמל מרכזי
254,1101,"האר""י",מעונות גאולה
255,127,הארזים,קריית חיים מערבית
256,984,האשחר,שער העליה
257,123,האשל,קריית חיים מערבית
258,274,האשלג,מפרץ חיפה
259,171,האתרוג,קריית שמואל
260,223,הבונים החופשיים,מפרץ חיפה
261,349,הבוסתן,הדר
262,1251,הבישוף חג'אר,הדר
263,202,הבניה,מפרץ חיפה
264,1021,הבנים,נוה שאנן
265,355,הבנקים,עיר תחתית
266,555,הבסטיליה,קריית שפרינצק
267,652,הברושים,כרמל מרכזי
268,1029,הברכה,נוה שאנן
269,218,הבשן,חוף שמן
270,149,הגאונים,קריית שמואל
271,303,הגבורים,ציר עיר תחתית - חליסה
272,292,הגביש,מפרץ חיפה
273,160,הגדוד העברי,קריית חיים מזרחית
274,1020,הגליל,נוה שאנן
275,415,הגנים,המושבה הגרמנית
276,413,הגפן,ציר הדר - המושבה הגרמנית
277,246,הדגן,מפרץ חיפה
278,783,הדולב,כרמל מערבי
279,285,הדייגים,הקישון
280,706,הדסים,כרמל מרכזי
281,873,הדר,הדר
282,275,הדשנים,מפרץ חיפה
283,552,ההגה,עין הים
284,1161,ההגנה,ציר עיר תחתית - חוף הכרמל
285,130,ההדס,קריית שמואל
286,195,ההסתדרות,ציר מפרץ חיפה
287,393,הואדי,ואדי ניסנאס
288,1207,הוברמן ברוניסלב,הוד הכרמל
289,2675,הוד,נאות פרס
290,532,הוז דב,בת גלים
291,766,הויסמנס קמיל,הוד הכרמל
292,755,הולנד,הוד הכרמל
293,749,הולצברג שמחה,קריית שפרינצק
294,685,הורדים,כרמל מרכזי
295,233,הותיקים,קריית חיים מערבית
296,1216,הזז חיים,סביוני הכרמל
297,523,הזית,קריית אליעזר
662,618,הזמיר,אחוזה
298,131,החבצלת,קרית חיים מערבית
299,511,החותרים,קריית אליעזר
300,528,"החי""ל",בת גלים
301,296,החיטה,מפרץ חיפה
302,987,החיננית,שער העליה
303,859,החלוץ,הדר
304,212,החרושת,מפרץ חיפה
305,294,החרמש,אזור תעשיה
306,203,החרש,מפרץ חיפה
307,815,החשמונאים,"כרמל מרכזי, הדר"
308,1015,החשמל,נוה פז
309,659,הטנא,כרמל מרכזי
310,743,היובל,כרמל צרפתי
311,286,היוצק,מפרץ חיפה
595,6005,היינה הינריך,אחוזה
312,264,הים התיכון,קריית שמואל
313,458,היסמין,רמת בגין
314,204,היצירה,מפרץ חיפה
315,1008,הירדן,תל עמל
316,420,הירוק,הדר
317,305,הירמוך,עיר תחתית מזרח
318,667,הירקון,אחוזה
319,175,הישיבה,קריית שמואל
320,530,הכג,בת גלים
321,796,הכרמים,הדר
322,1065,הכשרת הישוב,סביוני הכרמל
323,1038,"הל""ה",רמות רמז
611,894,הלבונה,כבאביר
324,136,הלולב,קריית שמואל
325,983,הליבנה,שער העליה
326,1133,הלילך,כרמל מרכזי
327,810,הלל,הדר
328,904,הלל יפה,הדר
329,565,הלפרן ירמיהו,עין הים
330,1182,המאירי אביגדור,רמת שאול
331,360,המגינים,ציר עיר תחתית - ק. עליעזר
332,255,המולדת,קריית שמואל
333,277,המוסכים,אזור תעשיה
334,1086,המחנך נפחא,נוה יוסף
335,646,המים,כרמל מרכזי
336,922,המימוני,הדר
337,428,המכס,חיפה אל עתיקה
338,448,המלאכה,א.ת. חוף שמן
339,205,המסגר,מפרץ חיפה
340,144,המסורת,קריית שמואל
341,2511,המסילה,א.ת. חוף שמן
342,508,המעפילים,קריית אליעזר
343,686,המערות,כרמל מרכזי
344,158,המפוח,מפרץ חיפה
345,999,המפרי יוברט,עין הים
346,376,המרוניטים,ואדי ניסנאס
347,293,המשביר,מפרץ חיפה
348,845,הנביאים,הדר
349,950,הנגב,"יל""ג"
350,666,הנדיב,אחוזה
351,161,הנוטר,קריית חיים מזרחית
352,479,הנופר,מפרץ חיפה
353,607,הנטקה,רמת אלמוגי - מרכז חורב
354,353,הנמל,עיר תחתית
355,268,הנפח,מפרץ חיפה
356,154,הנציב,קריית שמואל
357,704,הנרקיסים,כרמל מערבי
358,635,הנשיא,ציר כרמל מרכזי - כרמל צרפתי
359,715,הנשר,כרמל
360,818,הס,הדר
361,817,הסביונים,כרמל מרכזי
362,289,הסדנה,מפרץ חיפה
363,276,הסולל,מפרץ חיפה
364,1061,הסחלב,גבעת דאונס
365,701,הסנה,כרמל מערבי
366,642,הספורט,כרמל מרכזי
367,206,העבודה,מפרץ חיפה
368,553,העוגן,עין הים
369,526,העליה השניה,בת גלים
370,261,העמלים,מפרץ חיפה
371,824,העמק,הדר
372,348,העצמאות,ציר עיר תחתית
373,122,הערבה,קריית שמואל
374,273,העתיד,א.ת. חוף שמן
375,150,הפוסקים,קריית שמואל
376,905,הפועל,הדר
377,157,הפלוגות,קריית חיים מזרחית
378,287,הפלס,מפרץ חיפה
379,793,הפרחים,רמת בן גוריון
380,513,הפרטיזנים,קריית אליעזר
381,409,הפרסים,המושבה הגרמנית
382,687,הצבי,כרמל מרכזי
383,1142,הצדף,שער העליה
384,1168,הצוללת דקר,רמת בן גוריון
385,688,הצופים,כרמל מרכזי
386,811,הציונות,ציר עיר תחתית - רמת התשבי
387,812,הצלבנים,כרמל צרפתי
388,633,הצלפים,רוממה
389,529,הצנחנים,בת גלים
390,1072,הצפירה,זיו
391,105,הקונגרס,קריית חיים מערבית
392,196,הקורנס,מפרץ חיפה
393,323,הקטר,ואדי סאליב
394,169,הקיבוצים,קריית חיים מזרחית
395,230,הקיטור,0
396,308,הקישון,עיר תחתית מזרח - הדר
397,527,הקלעים,בת גלים
398,908,הקנאים,הדר
399,797,הקשת,כרמל
400,141,הראה,קריית שמואל
401,772,הראל,רוממה
402,163,הראשונים,קריית חיים מזרחית
721,1500,הרב ניסים,קריית שמואל
403,699,הרדוף,כרמל מערבי
404,610,הרופא,אחוזה
405,986,הרותם,שער העליה
406,251,"הרי""ף",קריית שמואל
407,443,הרמן צבי,מפרץ חיפה
408,279,הרץ היינריך,א.ת. חוף שמן
409,886,הרצוג הרב,הדר
410,856,הרצל,הדר
411,850,הרצליה,הדר
412,703,הרקפות,כרמל מערבי
413,304,השומר,"עיר תחתית מזרח, הדר"
43,1399,השופט יעקב אזולאי,רמת אלון
414,572,השופט שלום קסאן,קריית שפרינצק
415,544,השחף,בת גלים
416,830,השחר,הדר
417,183,השיירה,קריית חיים מזרחית
420,931,השילוח,גאולה
418,207,השיש,מפרץ חיפה
419,1075,השל יהושע פרופ',יזרעאליה
421,837,השלום,הדר
422,201,השקד,קריית חיים מזרחית
423,538,השרון,בת גלים
424,227,התאנה,קריית חיים מזרחית
425,957,התבור,הדר
426,683,התור,כרמל מרכזי
427,551,התורן,עין הים
428,1025,התיכון,נוה שאנן
429,754,התמר,כרמל מערבי
430,153,התנאים,קריית שמואל
431,503,התקוה,קריית אליהו
432,232,התקומה,קריית חיים מערבית
433,718,התשבי,רמת התשבי
434,1000,התשעה,נוה יוסף
435,383,התשעים ושלש,ואדי ניסנאס
436,6525,ואדי סאליב,"עיר תחתית מזרח, ואדי סאליב"
437,636,וודגווד,כרמל מרכזי
438,283,ווט ג'יימס,מפרץ חיפה
439,1105,ווטסון ליונל,רמת בגין
440,644,וולפסון,כרמל מרכזי
441,961,וייז סטפן,רמת שאול
442,975,"ויינשל אברהם ד""ר",ציר רמת אשכול - חוף כרמל
443,259,וילבוש נחום,א.ת. חוף שמן
444,1392,וילנאי זאב,רמת אלון
445,831,וילנסקי,הדר
446,912,וינגייט,רמת הדר
447,1106,וינר יוסף,תל עמל
448,1202,"ויצ""ו",כרמליה
450,734,ויקטור הוגו,רמת שאול
451,611,ויתקין יוסף,אחוזה
452,1450,ולנברג ראול,רמת אשכול
453,129,ורבורג,ק. חיים מערבית - ק. שמואל
454,657,ורדיה,ורדיה
457,1124,זאב הים,כרמל
456,738,זאב ז'בוטינסקי,כרמל צרפתי
458,1134,זאב פרוש,חליסה
459,941,זבולון,"יל""ג"
460,2674,זוהר,נאות פרס
461,733,זולא אמיל,רמת שאול
455,556,זורס,קריית שפרינצק
462,1141,זורע מאיר (זרו),חוף הכרמל
463,707,זיוונית,כרמל מרכזי
464,164,זייד אלכסנדר,קריית חיים מזרחית
465,515,זילפה,קריית אליעזר
466,1125,זינגר מנדל,סביוני הכרמל
468,775,זמנהוף,גבעת דאונס
469,663,זרובבל,אחוזה
470,1507,"חב""ד",קריית שמואל
471,1040,חביבה רייך,רמות רמז
472,976,חבס הכהן ברכה,הדר
473,840,חברון,הדר
474,398,חדאד,ואדי ניסנאס
475,945,חדרה,הדר
476,1412,חוחית,רמת חן
477,1060,חולדה,כרמל מרכזי
478,177,חומה ומגדל,קריית חיים מזרחית
479,1010,חוסן,חליסה
480,779,חוף השנהב,הוד הכרמל
481,601,חורב,ציר אחוזה - רמת בגין
482,721,חורשה,רמת התשבי
483,1005,חזן יעקב,נוה שאנן
484,582,חזקיהו המלך,נוה דוד
485,309,חטיבת גולני,ציר עיר תחתית מזרח
486,1093,חטיבת כרמלי,נוה פז
487,799,חטיבת עודד,רוממה
488,1509,חיה מושקא,קריית שמואל
489,990,חיות פרץ,רמת שאול
490,895,חיים,הדר
491,1001,חיים ברלב,נוה יוסף
492,1262,חיים קסטן,מבואות דרומיים
493,537,חיל הים,בת גלים
494,209,חירם,א.ת. חוף שמן
495,596,חכים אליהו,רמת שאול
496,208,חכמי ישראל,קריית שמואל
497,210,חלוצי התעשיה,מפרץ חיפה
498,1224,חלמיש,רמת אלמוגי
499,211,חלץ,א.ת. חוף שמן
500,341,חמאם אל פשה,"קריית הממשלה ע""ש רבין"
501,2678,חמדה, 
502,680,חנה,כרמליה
503,1022,חניתה,"נוה שאנן, יזרעאליה"
504,1035,חנקין,ציר רוממה - נוה שאנן
505,1396,חסידי אומות העולם,רמת אלון
506,865,חסן שוקרי,הדר
507,231,חפצי בה,קריית חיים מערבית
508,1112,חצב,כרמל צרפתי
509,107,חרב לאת,קריית חיים מערבית
510,711,חרוב,כרמל מערבי
511,932,חרמון,גאולה
512,380,חשבון,עיר תחתית
513,464,חת נחום,"מת""מ"
514,1150,טבנקין יצחק,יזרעאליה
515,836,טבריה,הדר
516,973,טברסקי ג'ניה,רמת בגין
517,481,טהון יעקב,רמת גולדה
519,213,טובים,א.ת. חוף שמן
520,494,טוסקניני ארתור,רמת אשכול
521,1234,טופז,מפרץ חיפה
523,245,טרומן,קריית חיים מערבית
524,1031,טרומפלדור,נוה שאנן
525,726,טשרניחובסקי,ציר כרמל צרפתי - רמת שאול
526,188,יבנאלי שמואל,קריית חיים מזרחית
527,395,יבנה,ואדי ניסנאס
528,1391,יגאל אלון,רמת אלון
529,367,יגאל ידין,מפרץ חיפה
530,1067,יגור,נוה פז
531,249,יגיע כפיים,מפרץ חיפה
532,1012,יד לבנים,ציר נוה שאנן - תל עמל
533,577,יהואש המלך,נוה דוד
534,1205,יהודה,כרמליה
61,377,יהודה איתין,מפרץ חיפה
535,307,יהודה הלוי,עיר תחתית מזרח
783,1148,יהודה עמיחי,גבעת זמר
536,1132,יהודית,כרמליה
537,1260,יהורם גאון,גבעת זמר
538,899,יהושע,הדר
539,563,יהושפט המלך,נוה דוד
540,548,יואב,קריית אליעזר
541,857,יואל,הדר
542,315,יודפת,עיר תחתית מזרח
543,1082,יוחאי בן נון,חוף הכרמל
544,366,יוחנן הקדוש,ואדי ניסנאס
545,661,יוכבד,כרמל
546,194,יוליוס סימון,0
547,853,יונה,הדר
548,539,יונתן,בת גלים
549,1268,יונתן (ג'וני) הרדי,יצחק נבון
550,1258,יוסי בנאי,גבעת זמר
551,142,יוסיפון,קריית שמואל
552,955,יוסף (הגדם),הדר
553,628,יותם,אחוזה
554,1042,יחזקאל,רמות רמז
555,880,יחיאל,הדר
556,263,יחיעם,קריית חיים מערבית
557,944,"יל""ג","יל""ג"
558,947,"יל""ג דרומית","יל""ג"
559,946,"יל""ג צפונית","יל""ג"
560,1151,ילדי טהרן,סביוני הכרמל
561,1271,יעל רום,יצחק נבון
562,606,יערות,אחוזה
563,1256,יפה ירקוני,גבעת זמר
564,813,יפה נוף,כרמל צרפתי - מרכז הכרמל
565,354,יפו,ציר עיר תחתית
566,2679,יפעה,"מרכז הקונגרסים, נאות פרס"
567,664,יפתח,אחוזה
568,689,יצחק,כרמל מרכזי
569,421,יצחק שדה,המושבה הגרמנית
570,748,יציאת אירופה,קריית שפרינצק
571,176,יציב יצחק,קריית חיים מזרחית
572,392,יקוט,ואדי ניסנאס
573,1465,יקינתון,רמת אלמוגי
574,1261,ירדנה ארזי,גבעת זמר
575,1272,ירדנה כהן,יצחק נבון
576,896,ירושלים, הדר מרכז - התיאטרון העירוני
577,1087,"ירושלמי אליעזר ד""ר",נוה יוסף
578,637,ישורון,כרמל מרכזי
579,740,ישעיהו,כרמל צרפתי
580,1269,ישעיהו (שייע) שווגר,יצחק נבון
581,114,ישראלי בן ציון,קריית חיים מערבית
583,113,"כ""ץ יעקב הרב",קריית שמואל
584,189,כאהן יעקב,קריית חיים מזרחית
585,692,כבירים,כבאביר
586,101,כברי,קריית חיים מערבית
587,484,כגן רחל,רמת גולדה
588,981,כהן ברוך,שער העליה
589,386,כורי,ואדי ניסנאס
590,819,כורש,הדר
591,350,כטיב,0
592,370,כיאט,עיר תחתית
593,6020,כיכר אליזבט,רוממה
594,6002,כיכר דוד,נוה שאנן
596,6007,כיכר הרקפות,כרמל מערבי
597,736,כל ישראל חברים,רמת שאול
598,1172,כליל החורש,ורדיה
599,691,כלניות,כרמל מרכזי
600,1158,כלפון הרב,קריית אליעזר
601,906,כנרת,הדר
602,540,כספי יעקב,בת גלים
603,1103,"כספרי ד""ר",כרמל
582,789,כץ יאיר,כרמל מרכזי
604,1117,כצמן משה,נוה יוסף
605,471,כרוך אריה,רמת בגין
606,788,כרמי,רוממה
607,731,כרמיה,קריית שפרינצק
608,677,לאה,כרמליה
609,720,לאונרדו דה וינצי,רמת התשבי
610,465,לבון פנחס,הוד הכרמל
612,402,לבונטין,הדר
613,186,לביא שלמה,קריית חיים מזרחית
614,1501,לבנון ישראל,קרית שמואל
615,938,לברי מרק,גאולה
824,746,לואי פסטר,רמת שאול
616,878,לוד,הדר
617,417,לוחמי הגטאות,המושבה הגרמנית
618,1116,לוחמי חירות ישראל,0
619,649,לוטוס,כרמליה - כרמל מרכזי
620,128,לוי יוסף,מפרץ חיפה
621,253,לוי יצחק,קריית שמואל
622,272,לוין אריה הרב,קריית שמואל
623,882,לונץ,הדר
624,535,לוץ שרל,בת גלים
625,1088,לזרוס אמה,רמת גולדה
626,774,ליבריה,הוד הכרמל
627,238,ליויק,קריית חיים מערבית
628,626,ליטניס,אחוזה
629,182,לייב יפה,קריית חיים מזרחית
630,998,לינדנשטראוס אהרון,הוד הכרמל
631,593,לינקולן אברהם,אחוזה
632,378,ליפשיץ יוסף,עיר תחתית
633,612,לכיש,אחוזה
634,1163,"לנ""י",הוד הכרמל
635,524,לסין אברהם,קריית אליעזר
636,467,"לסקוב חיים רא""ל",רמת גולדה
637,447,לשם,מפרץ חיפה
638,359,מאי,עיר תחתית
639,362,מאיר רוטברג,המושבה הגרמנית
641,6009,מאירהוף,קריית אליעזר
642,143,מאלי יעקב משה,קריית שמואל
643,615,מאפו,אחוזה
644,794,מאציני,הוד הכרמל
645,1231,מבוא חיפה,"ציר חוף כרמל - מת""מ"
646,991,מבצע יונתן,ורדיה - רוממה
647,181,מבצע קדש,קריית חיים מזרחית
648,1471,מגדל אור,מפרץ חיפה
649,576,מגורשי ספרד,חוף הכרמל
650,640,מגידו,כרמל מרכזי
651,404,מדרגות דור,ואדי ניסנאס
652,867,מדרגות הנביאים,הדר
653,780,מדרגות זרובבל,אחוזה
654,406,מדרגות רשפון,ואדי ניסנאס
655,121,מו,קריית חיים מערבית
656,148,מוהליבר,קריית שמואל
657,820,מונטיפיורי,הדר
658,533,מונש,בת גלים
659,806,מוסול,הדר
660,742,מור,כבאביר
661,660,מורג,מפרץ חיפה
663,625,מוריה,ציר כרמל מרכזי - מרכז חורב
664,1171,מורן,ורדיה
665,226,מושלי יעקב,מפרץ חיפה
666,228,"מח""ל",קריית חיים מערבית
667,708,מחניים,כרמל מרכזי
668,647,מייבלום דורון,אחוזה
180,1511,מייק ברנט,קרית אליעזר
669,619,"מיכ""ל המשורר",אחוזה
670,930,מיכאל,גאולה
671,321,מילר נחום,ואדי סאליב
672,1073,מימון הרב,נוה שאנן
673,826,מירון,הדר
674,369,מכליס משה אהרון,עיר תחתית
675,1046,"מל""ל",זיו
676,902,מלצ'ט,הדר
677,241,מנגר איציק,קריית חיים מערבית
678,1050,מנדלי מוכר ספרים,"נוה שאנן, זיו"
679,887,מנחם,הדר
680,670,מנילה,הוד הכרמל
681,363,מנצור,עיר תחתית
682,834,מסדה,הדר
683,668,מעברות,אחוזה
684,645,מעין,כרמל מרכזי
685,338,מעלה השחרור,הדר
686,963,מעלות האומן,הדר
687,750,מעלות הבוצרים,כרמל מרכזי
688,1030,מצפה,נוה שאנן
689,965,מקור ברוך,רמת ויז'ניץ
690,192,"מקלף מרדכי רא""ל",מפרץ חיפה
691,567,מרגולין פנחס,בת גלים
692,671,מרגלית,אחוזה
693,1223,מרווה,רמות רמז
694,312,מרחביה,עיר תחתית מזרח
696,962,מרכוס הרב,ואדי סאליב
697,786,מרסיי,קריית שפרינצק
698,282,מרקוני גוליאלמו,מפרץ חיפה
699,599,משאש הרב,נוה יוסף
700,260,משה חיים שפירא,קריית שמואל
701,638,משמר הגבול,רוממה
702,234,משמר העמק,קריית חיים מערבית
703,365,נאמנים,עיר תחתית
704,1181,נדב יצחק,רמת שאול
705,855,נהון יצחק,הדר
706,541,נהלל,בת גלים
707,678,נוגה,כרמליה
708,1145,נוה גנים, 
709,2676,נוי,עיר תחתית
710,951,נועה,"יל""ג"
711,2677,נועם,עיר תחתית
712,885,נורדאו,הדר
713,790,נורווגיה,הוד הכרמל
714,1176,נורית,ורדיה
715,1250,נחל הגיבורים,עיר תחתית
716,542,נחליאלי,בת גלים
717,1113,נחמיאס יוסף,נוה שאנן
718,1027,נחמיה,נוה שאנן
719,665,נחשון,אחוזה
720,280,ניוטון אייזיק,מפרץ חיפה
722,1090,ניסנבוים,יזרעאליה
723,716,ניצנים,כרמל מרכזי
724,1018,נמרי דוד,נוה פז
726,681,נעמי,כרמליה
974,1386,נעמי שמר,גבעת זמר
725,1162,נעמת,כרמל
727,964,נתיב אליעזר,רמת ויז'ניץ
728,1204,נתיב האור,חוף הכרמל
731,442,נתיב המפרץ,מפרץ חיפה
729,156,נתיב העולים,0
730,1019,נתיב חן,נוה שאנן
732,444,נתנזון,"קריית הממשלה ע""ש רבין"
733,714,סגליות,כרמל מרכזי
734,106,סה,קריית חיים מערבית
735,584,סוטין חיים,0
736,724,סוכות,רמת התשבי
737,916,סולד הנרייטה,כרמל מרכזי
738,881,סוקולוב,הדר
739,977,סורוקה,רמת בגין
740,564,סחרוב אנדרה,"מת""מ"
741,801,סטלה מריס,ציר מושבה גרמנית - רמת שאול
742,581,סטרומה,קריית שפרינצק
743,1467,סייפן,רמת אלמוגי
744,1074,סילבר אבא הלל,יזרעאליה
745,623,סיני,אחוזה
746,875,סירקין,הדר
747,1393,סכנין אברהם,רמת אלון
748,1007,סלומון יעקב,נוה שאנן
749,358,סליזיאן,עיר תחתית
750,247,סלמאן,א.ת. חוף שמן
751,1217,סלעית,רמת אלמוגי
752,713,סמדר,כרמל מרכזי
753,609,סמולנסקין,אחוזה
754,9906,סמטת אל עתיקה,אל עתיקה
755,868,סמטת הנביאים,הדר
756,368,סמטת עזה,עיר תחתית
757,835,סמטת שמואל,הדר
758,1165,סנה משה,הוד הכרמל
759,410,סנט לוקס,ואדי ניסנאס
760,914,סנש חנה,רמת הדר
761,598,סעדיה גאון,קריית שפרינצק
762,1232,ספיר,מפרץ חיפה
763,712,ספרון,כרמל מרכזי
764,1221,סתוונית,רמת אלמוגי
765,802,עבאס,הדר
766,339,עגלון,ואדי סאליב
767,585,עגנון שי,קריית אליעזר
768,516,עדה,קרית אליעזר
769,739,עדולם,כרמל צרפתי
770,729,עובדיה,רמת התשבי
771,695,עודה נדה,כבאביר
772,560,עוזיהו המלך,נוה דוד
773,866,עומר אל כיאם,הדר
774,325,עומר אל כתאב,ואדי סאליב
775,1011,עוספיה,חליסה
776,1259,עופרה חזה,גבעת זמר
449,1240,עזר ויצמן,"מרכז הקונגרסים, נאות פרס"
777,1354,עזרא,נוה שאנן
778,722,עין גדי,כרמל
779,357,עין דור,עיר תחתית
780,1137,עירם צילה,חליסה
781,436,עליית הנוער,בת גלים
782,860,עמוס,הדר
784,1100,עמיקם ישראל,כבאביר
785,1245,עמירם חרלף,רמת אלמוגי
786,518,עמל,קריית אליעזר
787,844,עמק הזיתים,הדר
788,1233,ענבר,מפרץ חיפה
789,737,ענתות,כרמל צרפתי
790,361,עספור,עיר תחתית
791,587,"עפרון ד""ר",בת גלים
792,879,עקרון,הדר
793,1080,ערד,נוה יוסף
794,119,עשת אביגדור,קריית חיים מערבית
795,871,עתלית,הדר
796,1014,פאר,תל עמל
797,897,פבזנר,הדר
798,178,פולד ברכה,קריית חיים מזרחית
799,808,פועה,הדר
800,475,פורטונה עמנואל,מפרץ חיפה
801,982,פז סעדיה,שער העליה
802,1203,פטל,רוממה
803,352,פטריה,עיר תחתית
804,1052,פיארברג,זיו
805,769,פייגין צבי,כרמל מרכזי
806,1107,"פייזר ד""ר",יזרעאליה
807,310,פייצל,עיר תחתית
808,1081,פיכמן יעקב,רמות רמז
809,792,פינלנד,הוד הכרמל
810,651,פינסקי דוד,כרמל מרכזי
811,1032,פינסקר,"נוה שאנן, זיו"
812,854,פינת בן יהודה,הדר
813,843,פינת בן שמן,הדר
814,568,פינת גן,בת גלים
815,942,פינת הרצל,"יל""ג"
816,876,פינת שפירא,הדר
817,621,"פיק""א",רכס כרמל - רוממה
818,229,פישמן עדה (מיימון),קריית חיים מזרחית
819,767,פלג פרנק,הוד הכרמל
820,314,"פלי""ם","קריית הממשלה ע""ש רבין"
821,974,פלימן משה,"ציר חוף כרמל - מת""מ"
822,375,פליק,עיר תחתית
823,632,"פלמ""ח",רוממה
825,381,פקדון,עיר תחתית
826,1053,פרוג,זיו
827,614,פרויד,ציר רכס כרמל - רמת אשכול
828,1508,פרומר דב,קריית שמואל
829,898,פרישמן,הדר
830,284,פרנץ לוי,מפרץ חיפה
831,1248,פרץ אטקס,נאות פרס
832,394,פרץ י ל,ואדי ניסנאס
833,1097,פרץ מרקיש,יזרעאליה
834,1152,צ'רניאבסקי אהרון,יזרעאליה
835,459,צביה ויצחק,חוף הכרמל
836,1175,צבעוני,ורדיה
837,765,צבר,רמת בן גוריון
838,674,צדקיהו,כרמליה
839,509,"צה""ל",קרית אליעזר
840,389,צהיון,ואדי ניסנאס
841,1411,צופית,רמת חן
842,396,צור,ואדי ניסנאס
843,861,צידון,הדר
844,1026,ציון,נוה שאנן
845,172,ציזלינג אהרון,קריית חיים מזרחית
846,190,צייזל ירוחם,עיר תחתית מזרח
847,262,צייטלין אהרון,קריית חיים מזרחית
848,851,ציפורי,הדר
849,180,ציפר,קריית חיים מזרחית
850,562,ציקלג,נוה דוד
851,759,צלמונה,א.ת. חוף שמן
852,1123,צפורה זייד,הדר
853,654,צפרירים,כרמליה
854,841,צפת,הדר
855,554,צרפת,ציר רמת שאול - ק. שפרינצק
856,597,קאודרס בן ציון דר,רמת שאול
857,301,קבוץ גלויות,עיר תחתית מזרח
858,440,קדושי בגדד,עיר תחתית
859,588,קדושי דמשק,קריית אליעזר
860,256,קדושי השואה,קריית שמואל
861,460,קדושי יאסי,חוף הכרמל
862,684,קדימה,כרמל מרכזי
863,1385,קדיש לוז,רמת ספיר
864,672,קדרון,אחוזה
865,371,קהילת סלוניקי,עיר תחתית
866,992,קויפמן יחזקאל פרופ',רמת גולדה
867,254,קול מבשר,קריית שמואל
868,1044,קומוי נתן,רמות רמז
869,1460,קוסטה ריקה,הוד הכרמל
870,1220,קורנית,רמת אלמוגי
871,771,קורצאק יאנוש,אחוזה
872,1398,קושניר יוסף,רמת אלון
873,372,קיזרמן נתן,עיר תחתית
874,391,קיסריה,ואדי ניסנאס
875,915,קיש,כרמל מרכזי
876,531,קלח,בת גלים
877,1095,קליבנוב,יזרעאליה
878,1047,קלישר הרב,זיו
879,650,קלר,כרמל מרכזי
880,1102,קניאל יהושע הרב,מעונות גאולה
881,907,קניג פייר גנרל,"עין הים, קריית שפרינצק"
882,1190,קסטרא,חוף הכרמל
883,848,קסל,הדר
884,1156,קפטן סטיב,עיר תחתית
885,184,קפלן אלישבע,קריית חיים מזרחית
887,269,קצנשטיין אריה,מפרץ חיפה
888,452,קריב אברהם,רמת בגין
522,6706,קרית הטכניון,קריית הטכניון
889,627,קרית ספר,אחוזה
890,798,קרן היסוד,רוממה
891,170,קרן קיימת לישראל,קריית חיים מזרחית
892,125,"קרפל ד""ר",קריית חיים מערבית
893,1215,קשטן מיכאל,סביוני הכרמל
894,387,ראהבת,ואדי ניסנאס
895,1083,ראם פנחס,זיו
896,1128,ראש מיא,ציר ורדיה - דרך רופין
897,949,ראש פינה,"יל""ג"
87,996,רב אלוף דוד אלעזר,חוף הכרמל
898,891,רבוה,כבאביר
899,580,רבי יהודה הנשיא,נוה דוד
900,225,רבי יוחנן הסנדלר,מפרץ חיפה
901,918,רבי עקיבא,הדר
902,1159,"רבין אסתר ד""ר",הוד הכרמל
903,735,רבנו תם,רמת שאול
904,416,"רד""ק",המושבה הגרמנית
905,374,רובין,עיר תחתית
906,482,רובינא חנה,רמת גולדה
907,1164,רובינשטיין יצחק הרב,הוד הכרמל
908,473,רודיק שמעון,"עיר תחתית מזרח, ואדי סאליב"
909,557,רודן,קריית שפרינצק
910,462,רודנר עקיבא הרב,קריית אליהו
911,297,רוזוב שמואל,מפרץ חיפה
912,451,רוזן פנחס,רמת גולדה
913,1192,רוטנברג פנחס ואברהם,חוף הכרמל
914,505,רוטשילד,"קריית אליהו, קריית אליעזר"
915,662,רופין,ציר רוממה - הדר
916,676,רות,כרמליה
917,1057,רות הכהן,זיו
918,1006,רזיאל דוד,תל עמל
919,669,רחל,כרמליה
920,525,רחף,בת גלים
921,1091,רטנר יוחנן פרופ',יזרעאליה
922,140,ריינס הרב,קריית שמואל
923,710,רימונים,כרמל מרכזי
924,445,"רינ""ה",קריית אליהו
925,909,"רמב""ן",הדר
926,620,"רנ""ק",אחוזה
927,694,רענן,כבאביר
928,910,"רש""י",הדר
929,493,שאגאל מרק,רמת אשכול
930,1028,שאול,נוה שאנן
931,578,שאול המלך,נוה דוד
932,237,שאר ישוב,קריית חיים מערבית
933,978,שארית הפליטה,הוד הכרמל
934,773,שבדיה,הוד הכרמל
935,1118,שבזי שלום,נוה פז
936,173,שבטי ישראל,קריית חיים מזרחית
937,174,שבעת המינים,קריית שמואל
938,403,שבתאי לוי,ואדי ניסנאס
939,222,"שד""ר",קריית שמואל
940,109,שדה בוקר,קריית חיים מערבית
941,1270,שדרות הלוטם,יצחק נבון
942,954,שוהם,כרמל
943,490,"שוויצר אלברט ד""ר",רמת אשכול
945,725,שומרון,רמת התשבי
946,566,שונית,רמת הנשיא
947,728,שונמית,רמת התשבי
948,989,שופמן גרשון,הוד הכרמל
949,317,שוקרי,ואדי סאליב
950,1263,שושנה דמרי,גבעת זמר
951,702,שושנת הכרמל,כרמל מערבי
952,453,"שז""ר זלמן",רמת בן גוריון
953,1166,שחאדה שלח,ואדי ניסנאס
954,1226,שחם,רמת אלמוגי
955,219,שטיין ליאון,מפרץ חיפה
956,970,שטרן יאיר,עין הים
957,257,שטרן יוסף,קריית שמואל
958,337,שיבת ציון,ציר ואדי סאליב - עיר תחתית
959,236,שיטרית בכור,קריית חיים מזרחית
960,872,"שימקין ד""ר",רמת בגין
961,1068,שינדלר אוסקר,סביוני הכרמל
962,631,"שכטר יוסף ד""ר",אחוזה
963,1069,"של""ג",זיו
964,1254,שלהוף ג'מיל,הדר
965,1048,שלום עליכם,זיו
966,590,שלומציון המלכה,כרמליה
967,1395,שלון,רמת אלון
968,781,שלונסקי,הוד הכרמל
969,466,"שלוסברג שמואל ד""ר",שער העליה
970,561,שלמה המלך,נוה דוד
971,827,שמאי,הדר
972,828,שמואל,הדר
973,1070,שמעוני לייב,נוה שאנן
975,847,שמריהו לוין,הדר
976,877,שמש,הדר
977,634,שמשון,כרמל מרכזי
978,1059,שניאור זלמן,רמות רמז
979,900,שנים בנובמבר,כרמל צרפתי
980,199,שנקר אריה,מפרץ חיפה
981,700,שער הגיא,אחוזה
982,641,שער הלבנון,כרמל מרכזי
983,1085,שער פלמר,עיר תחתית
984,821,שפינוזה,הדר
985,874,שפירא,הדר
986,807,שפרה,הדר
987,852,שפרעם,הדר
988,764,שקמה,רמת בן גוריון
989,547,שקמונה,בת גלים
990,356,שרה,עיר תחתית
991,1129,שרעבי שלום רבי,נוה פז
992,162,שרת משה,קריית חיים מזרחית
993,166,ששת הימים,קריית חיים מזרחית
994,463,"תאד""ל",אחוזה
995,1174,תאשור,ורדיה
996,1173,תדהר,ורדיה
997,193,תובל,מפרץ חיפה
998,1143,תומא אמיל,ואדי ניסנאס
518,583,תופיק טובי,ואדי ניסנאס
999,146,תורה ועבודה,קריית שמואל
1000,506,תל אביב,קריית אליהו
1001,901,תל חי,הדר
1002,616,תל מאנה,אחוזה
1003,1078,תענך,נוה יוסף
1004,139,"תרי""ג",קריית שמואל
1005,298,תרשיש,א.ת. חוף שמן
